Item Title,Publication Title,Book Series Title,Journal Volume,Journal Issue,Item DOI,Authors,Publication Year,URL,Content Type
"A model-driven framework for developing multi-agent systems in emergency response environments","Software & Systems Modeling","","","","10.1007/s10270-017-0627-4","Samaneh HoseinDoostTahereh AdamzadehBahman ZamaniAfsaneh Fatemi","2017","http://link.springer.com/article/10.1007/s10270-017-0627-4","Article"
"From a Conceptual Framework for Agents and Objects to a Multi-Agent System Modeling Language","Autonomous Agents and Multi-Agent Systems","","9","1 - 2","10.1023/B:AGNT.0000019691.42633.07","Viviane Torres Da SilvaCarlos J. P. De Lucena","2004","http://link.springer.com/article/10.1023/B%3AAGNT.0000019691.42633.07","Article"
"On the Development of Multi-agent Systems Product Lines: A Domain Engineering Process","Agent-Oriented Software Engineering X","","","","10.1007/978-3-642-19208-1_9","Ingrid NunesCarlos J. P. de LucenaUirá KuleszaCamila Nunes","2011","http://link.springer.com/chapter/10.1007/978-3-642-19208-1_9","Chapter"
"Using the MAS-ML to Model a Multi-agent System","Software Engineering for Multi-Agent Systems II","","","","10.1007/978-3-540-24625-1_8","Viviane Torres da SilvaRicardo ChorenCarlos J. P. de Lucena","2004","http://link.springer.com/chapter/10.1007/978-3-540-24625-1_8","Chapter"
"An Aspect-Oriented Modeling Framework for Multi-Agent Systems Design","Agent-Oriented Software Engineering VII","","","","10.1007/978-3-540-70945-9_3","Alessandro GarciaChristina ChavezRicardo Choren","2007","http://link.springer.com/chapter/10.1007/978-3-540-70945-9_3","Chapter"
"Observed-MAS: An Ontology-Based Method for Analyzing Multi-Agent Systems Design Models","Agent-Oriented Software Engineering VII","","","","10.1007/978-3-540-70945-9_8","Anarosa A. F. BrandãoViviane Torres da SilvaCarlos J. P. de Lucena","2007","http://link.springer.com/chapter/10.1007/978-3-540-70945-9_8","Chapter"
"Towards the Coexistence of Different Multi-Agent System Modeling Languages with a Powertype-Based Metamodel","International Symposium on Distributed Computing and Artificial Intelligence 2008 (DCAI 2008)","","","","10.1007/978-3-540-85863-8_23","Iván García-Magariño","2009","http://link.springer.com/chapter/10.1007/978-3-540-85863-8_23","Chapter"
"Improving Multi-Agent Architectural Design","Software Engineering for Multi-Agent Systems V","","","","10.1007/978-3-540-73131-3_10","Carla SilvaJaelson CastroPatrícia TedescoJoão AraújoAna MoreiraJohn Mylopoulos","2007","http://link.springer.com/chapter/10.1007/978-3-540-73131-3_10","Chapter"
"An integrated role-based approach for modeling, designing and implementing multi-agent systems","Journal of the Brazilian Computer Society","","13","2","10.1007/BF03192409","Xiaoqin ZhangHaiping XuBhavesh Shrestha","2007","http://link.springer.com/article/10.1007/BF03192409","Article"
"Modeling MAS Properties with MAS-ML Dynamic Diagrams","Agent-Oriented Information Systems IV","","","","10.1007/978-3-540-77990-2_1","Viviane Torres da SilvaRicardo ChorenCarlos J. P. de Lucena","2008","http://link.springer.com/chapter/10.1007/978-3-540-77990-2_1","Chapter"
"Developing and Evaluating a Generic Metamodel for MAS Work Products","Software Engineering for Multi-Agent Systems IV","","","","10.1007/11738817_8","Ghassan BeydounCésar Gonzalez-PerezBrian Henderson-SellersG. Low","2006","http://link.springer.com/chapter/10.1007/11738817_8","Chapter"
"AgentZ: Extending Object-Z for Multi-agent Systems Specification","Agent-Oriented Information Systems II","","","","10.1007/11426714_9","Anarosa A. F. BrandãoPaulo AlencarCarlos J. P. de Lucena","2005","http://link.springer.com/chapter/10.1007/11426714_9","Chapter"
"Modeling Social Aspects of Multi-Agent Systems: The AML Approach","Agent-Oriented Software Engineering VI","","","","10.1007/11752660_3","Radovan CervenkaIvan TrencanskyMonique Calisti","2006","http://link.springer.com/chapter/10.1007/11752660_3","Chapter"
"A framework for an integrated unified modeling language","Frontiers of Information Technology & Electronic Engineering","","17","2","10.1631/FITEE.1500094","Mohammad AlshayebNasser KhashanSajjad Mahmood","2016","http://link.springer.com/article/10.1631/FITEE.1500094","Article"
"Modeling Norms in Multi-agent Systems with NormML","Coordination, Organizations, Institutions, and Norms in Agent Systems VI","","","","10.1007/978-3-642-21268-0_3","Karen da Silva FigueiredoViviane Torres da SilvaChristiano de Oliveira Braga","2011","http://link.springer.com/chapter/10.1007/978-3-642-21268-0_3","Chapter"
"A UML Profile Oriented to the Requirements Modeling in Intelligent Tutoring Systems Projects","Artificial Intelligence in Theory and Practice III","","","","10.1007/978-3-642-15286-3_13","Gilleanes Thorwald Araujo GuedesRosa Maria Vicari","2010","http://link.springer.com/chapter/10.1007/978-3-642-15286-3_13","Chapter"
"Critical Systems Verification in MetaMORP(h)OSY","Computer Safety, Reliability, and Security","","","","10.1007/978-3-319-10557-4_15","Rocco AversaBeniamino Di MartinoFrancesco Moscato","2014","http://link.springer.com/chapter/10.1007/978-3-319-10557-4_15","Chapter"
"Survey on Agent-Oriented Modeling Languages","The Agent Modeling Language - AML","","","","10.1007/978-3-7643-8396-1_2","","2007","http://link.springer.com/chapter/10.1007/978-3-7643-8396-1_2","Chapter"
"Designing Social Patterns Using Advanced Separation of Concerns","Advanced Information Systems Engineering","","","","10.1007/978-3-540-72988-4_22","Carla SilvaJoão AraújoAna MoreiraJaelson Castro","2007","http://link.springer.com/chapter/10.1007/978-3-540-72988-4_22","Chapter"
"AML Modeling Mechanisms","The Agent Modeling Language - AML","","","","10.1007/978-3-7643-8396-1_6","","2007","http://link.springer.com/chapter/10.1007/978-3-7643-8396-1_6","Chapter"
"From Object-Oriented to Agent-Oriented Software Engineering Methodologies","Software Engineering for Multi-Agent Systems III","","","","10.1007/978-3-540-31846-0_1","Brian Henderson-Sellers","2005","http://link.springer.com/chapter/10.1007/978-3-540-31846-0_1","Chapter"
"From Task to Agent-Oriented Meta-models, and Back Again","Engineering Interactive Systems","","","","10.1007/978-3-540-85992-5_4","Steve GoschnickSandrine BalboLiz Sonenberg","2008","http://link.springer.com/chapter/10.1007/978-3-540-85992-5_4","Chapter"
"An Evaluation Framework for MAS Modeling Languages Based on Metamodel Metrics","Agent-Oriented Software Engineering IX","","","","10.1007/978-3-642-01338-6_8","Iván García-MagariñoJorge J. Gómez-SanzRubén Fuentes-Fernández","2009","http://link.springer.com/chapter/10.1007/978-3-642-01338-6_8","Chapter"
"A Modeling Language for Adaptive Normative Agents","Multi-Agent Systems and Agreement Technologies","","","","10.1007/978-3-319-59294-7_4","Marx VianaPaulo AlencarCarlos Lucena","2017","http://link.springer.com/chapter/10.1007/978-3-319-59294-7_4","Chapter"
"ShaMAN: An Agent Meta-model for Computer Games","Engineering Interactive Systems","","","","10.1007/978-3-540-85992-5_22","Steve GoschnickSandrine BalboLiz Sonenberg","2008","http://link.springer.com/chapter/10.1007/978-3-540-85992-5_22","Chapter"
"Towards Method Engineering for Multi-Agent Systems: A Validation of a Generic MAS Metamodel","Agent Computing and Multi-Agent Systems","","","","10.1007/978-3-642-01639-4_22","Graham LowGhassan BeydounBrian Henderson-SellersCesar Gonzalez-Perez","2009","http://link.springer.com/chapter/10.1007/978-3-642-01639-4_22","Chapter"
"The AML Approach","The Agent Modeling Language - AML","","","","10.1007/978-3-7643-8396-1_4","","2007","http://link.springer.com/chapter/10.1007/978-3-7643-8396-1_4","Chapter"
"A Survey on the Implementation of Agent Oriented Specifications","Agent-Oriented Software Engineering X","","","","10.1007/978-3-642-19208-1_12","Ingrid NunesElder CiriloCarlos J. P. de LucenaJan SudeikatChristian HahnJorge J. Gomez-Sanz","2011","http://link.springer.com/chapter/10.1007/978-3-642-19208-1_12","Chapter"
"Developing a Knowledge Management Multi-Agent System Using JaCaMo","Programming Multi-Agent Systems","","","","10.1007/978-3-642-31915-0_3","Carlos M. ToledoRafael H. BordiniOmar ChiottiMaría R. Galli","2012","http://link.springer.com/chapter/10.1007/978-3-642-31915-0_3","Chapter"
"Agreements Technologies - Towards Sophisticated Software Agents in Multi-agent Environments","Transactions on Computational Collective Intelligence XVIII","","","","10.1007/978-3-662-48145-5_6","Mirjana IvanovićZoran Budimac","2015","http://link.springer.com/chapter/10.1007/978-3-662-48145-5_6","Chapter"
"Deploying Agents with the CORBA Component Model","Component Deployment","","","","10.1007/978-3-540-24848-4_16","Fabio MeloRicardo ChorenRenato CerqueiraCarlos LucenaMarcelo Blois","2004","http://link.springer.com/chapter/10.1007/978-3-540-24848-4_16","Chapter"
"Modelling with Agents","Agent-Oriented Software Engineering X","","","","10.1007/978-3-642-19208-1_11","Estefanía ArgenteGhassan BeydounRubén Fuentes-FernándezBrian Henderson-SellersGraham Low","2011","http://link.springer.com/chapter/10.1007/978-3-642-19208-1_11","Chapter"
"Describing Agent Organisations","Agreement Technologies","","","","10.1007/978-94-007-5583-3_17","Estefanía ArgenteOlivier BoissierSergio EsparciaJana GörmerKristi KirikalKuldar Taveter","2013","http://link.springer.com/chapter/10.1007/978-94-007-5583-3_17","Chapter"
"Incorporating Elements from the Prometheus Agent-Oriented Methodology in the OPEN Process Framework","Agent-Oriented Information Systems II","","","","10.1007/11426714_10","Brian Henderson-SellersQuynh-Nhu N. TranJohn Debenham","2005","http://link.springer.com/chapter/10.1007/11426714_10","Chapter"
"The Interaction as an Integration Component for the JaCaMo Platform","Engineering Multi-Agent Systems","","","","10.1007/978-3-319-14484-9_22","Maicon Rafael ZatelliJomi Fred Hübner","2014","http://link.springer.com/chapter/10.1007/978-3-319-14484-9_22","Chapter"
"Towards Meta-model Interoperability of Models through Intelligent Transformations","Distributed Computing, Artificial Intelligence, Bioinformatics, Soft Computing, and Ambient Assisted Living","","","","10.1007/978-3-642-02481-8_45","José Barranquero TolosaVicente García-DíazOscar Sanjuán-MartínezHéctor Fernández-FernándezGloria García-Fernández","2009","http://link.springer.com/chapter/10.1007/978-3-642-02481-8_45","Chapter"
"An Ontological and Agent-Oriented Modeling Approach for the Specification of Intelligent Ambient Assisted Living Systems for Parkinson Patients","Hybrid Artificial Intelligent Systems","","","","10.1007/978-3-642-40846-5_2","Iván García-MagariñoJorge J. Gómez-Sanz","2013","http://link.springer.com/chapter/10.1007/978-3-642-40846-5_2","Chapter"
"Agreement Technologies – Towards Sophisticated Software Agents","Computational Collective Intelligence. Technologies and Applications","","","","10.1007/978-3-319-11289-3_1","Mirjana IvanovićZoran Budimac","2014","http://link.springer.com/chapter/10.1007/978-3-319-11289-3_1","Chapter"
"An Automated Approach to Manage MAS-Product Line Methods","Engineering Multi-Agent Systems","","","","10.1007/978-3-319-91899-0_11","Sara CasareTewfik ZiadiAnarosa A. F. BrandãoZahia Guessoum","2018","http://link.springer.com/chapter/10.1007/978-3-319-91899-0_11","Chapter"
"The role of the environment in agreement technologies","Artificial Intelligence Review","","39","1","10.1007/s10462-012-9388-1","Estefanía ArgenteOlivier BoissierCarlos CarrascosaNicoletta FornaraPeter McBurneyPablo NoriegaAlessandro RicciJordi Sabater-MirMichael Ignaz SchumacherCharalampos TampitsikasKuldar TaveterGiuseppe VizzariGeorge Vouros","2013","http://link.springer.com/article/10.1007/s10462-012-9388-1","Article"